{"lista":[{"numero":1,"enunciado":"Enunciado da questão 1","alternativaA":"alt A","alternativaB":"alt B","alternativaC":"alt C","alternativaD":"alt D","alternativaE":"alt E","alternativaCorreta":67},{"numero":2,"enunciado":"Enunciado da questão 4","alternativaA":"alt A","alternativaB":"alt B","alternativaC":"alt C","alternativaD":"alt D","alternativaE":"alt E","alternativaCorreta":67},{"numero":3,"enunciado":"Enunciado da questão 5","alternativaA":"alt A","alternativaB":"alt B","alternativaC":"alt C","alternativaD":"alt D","alternativaE":"alt E","alternativaCorreta":67},{"numero":4,"enunciado":"Enunciado da questão 6","alternativaA":"alt A","alternativaB":"alt B","alternativaC":"alt C","alternativaD":"alt D","alternativaE":"alt E","alternativaCorreta":67},{"numero":5,"enunciado":"Enunciado da questão 9","alternativaA":"alt A","alternativaB":"alt B","alternativaC":"alt C","alternativaD":"alt D","alternativaE":"alt E","alternativaCorreta":67},{"numero":6,"enunciado":"teste","alternativaA":"tes","alternativaB":"teaesd","alternativaC":"asd","alternativaD":"asd","alternativaE":"das","alternativaCorreta":68}]}

