{"lista":[{"numero":1,"enunciado":"2 + 2 = ?","alternativaA":"2","alternativaB":"3","alternativaC":"4","alternativaD":"5","alternativaE":"6","alternativaCorreta":67},{"numero":2,"enunciado":"11 - 1 = ?","alternativaA":"10","alternativaB":"11","alternativaC":"1","alternativaD":"13","alternativaE":"0","alternativaCorreta":65},{"numero":3,"enunciado":"Qual a capital do Brasil?","alternativaA":"Porto Alegre","alternativaB":"Santa Maria","alternativaC":"Rio de Janeiro","alternativaD":"Brasília","alternativaE":"São Paulo","alternativaCorreta":68},{"numero":4,"enunciado":"A África é um ... ","alternativaA":"Continente","alternativaB":"Oceano","alternativaC":"País","alternativaD":"Mar","alternativaE":"Planeta","alternativaCorreta":65},{"numero":5,"enunciado":"5 - 2 = ?","alternativaA":"1","alternativaB":"3","alternativaC":"2","alternativaD":"-1","alternativaE":"0","alternativaCorreta":66},{"numero":6,"enunciado":"Morcegos são ...","alternativaA":"pássaros","alternativaB":"aves","alternativaC":"repteis","alternativaD":"peixes","alternativaE":"mamíferos","alternativaCorreta":69},{"numero":7,"enunciado":"O Sol é um(a) ...","alternativaA":"continente","alternativaB":"planeta","alternativaC":"satélite","alternativaD":"estrela","alternativaE":"asteroide","alternativaCorreta":68},{"numero":8,"enunciado":"A combinação de todas as cores resulta em ...","alternativaA":"preto","alternativaB":"azul","alternativaC":"branco","alternativaD":"roxo","alternativaE":"verde","alternativaCorreta":67},{"numero":9,"enunciado":"No Brasil, falamos ...","alternativaA":"Inglês","alternativaB":"Brasileiro","alternativaC":"Gauchês","alternativaD":"Espanhol","alternativaE":"Português","alternativaCorreta":69},{"numero":10,"enunciado":"Um dia possúi ...","alternativaA":"30 horas","alternativaB":"25 horas","alternativaC":"48 horas","alternativaD":"24 horas","alternativaE":"12 horas","alternativaCorreta":68}]}
