{
   "lista":[
      {
         "numero":1,
         "enunciado":"Enunciado da questão 1",
         "alternativaA":"alt A",
         "alternativaB":"alt B",
         "alternativaC":"alt C",
         "alternativaD":"alt D",
         "alternativaE":"alt E",
         "alternativaCorreta":67
      },
	  {
         "numero":2,
         "enunciado":"Enunciado da questão 2",
         "alternativaA":"alt A",
         "alternativaB":"alt B",
         "alternativaC":"alt C",
         "alternativaD":"alt D",
         "alternativaE":"alt E",
         "alternativaCorreta":67
      },
	   {
         "numero":3,
         "enunciado":"Enunciado da questão 3",
         "alternativaA":"alt A",
         "alternativaB":"alt B",
         "alternativaC":"alt C",
         "alternativaD":"alt D",
         "alternativaE":"alt E",
         "alternativaCorreta":67
      },
	   {
         "numero":4,
         "enunciado":"Enunciado da questão 4",
         "alternativaA":"alt A",
         "alternativaB":"alt B",
         "alternativaC":"alt C",
         "alternativaD":"alt D",
         "alternativaE":"alt E",
         "alternativaCorreta":67
      },
	   {
         "numero":5,
         "enunciado":"Enunciado da questão 5",
         "alternativaA":"alt A",
         "alternativaB":"alt B",
         "alternativaC":"alt C",
         "alternativaD":"alt D",
         "alternativaE":"alt E",
         "alternativaCorreta":67
      },
	   {
         "numero":6,
         "enunciado":"Enunciado da questão 6",
         "alternativaA":"alt A",
         "alternativaB":"alt B",
         "alternativaC":"alt C",
         "alternativaD":"alt D",
         "alternativaE":"alt E",
         "alternativaCorreta":67
      },
	   {
         "numero":7,
         "enunciado":"Enunciado da questão 7",
         "alternativaA":"alt A",
         "alternativaB":"alt B",
         "alternativaC":"alt C",
         "alternativaD":"alt D",
         "alternativaE":"alt E",
         "alternativaCorreta":67
      },
	   {
         "numero":8,
         "enunciado":"Enunciado da questão 8",
         "alternativaA":"alt A",
         "alternativaB":"alt B",
         "alternativaC":"alt C",
         "alternativaD":"alt D",
         "alternativaE":"alt E",
         "alternativaCorreta":67
      },
	   {
         "numero":9,
         "enunciado":"Enunciado da questão 9",
         "alternativaA":"alt A",
         "alternativaB":"alt B",
         "alternativaC":"alt C",
         "alternativaD":"alt D",
         "alternativaE":"alt E",
         "alternativaCorreta":67
      },
	   {
         "numero":10,
         "enunciado":"Enunciado da questão 10",
         "alternativaA":"alt A",
         "alternativaB":"alt B",
         "alternativaC":"alt C",
         "alternativaD":"alt D",
         "alternativaE":"alt E",
         "alternativaCorreta":67
      },
	   {
         "numero":11,
         "enunciado":"Enunciado da questão 11",
         "alternativaA":"alt A",
         "alternativaB":"alt B",
         "alternativaC":"alt C",
         "alternativaD":"alt D",
         "alternativaE":"alt E",
         "alternativaCorreta":67
      }
   ]
}